[{"id":"user-image-R1.jpg","publicUrl":"np://user.desktop.nicepage.com/Site_232294159/images/R1.jpg","size":130164,"hash":"HLLzkVSa6OquMznj4uA+RlXFChQ=","fileName":"R1.jpg","name":"R1","width":1000,"height":756,"thumbnail":{"url":"np://user.desktop.nicepage.com/Site_232294159/images/thumbnails/R1.jpg","width":250,"height":189},"folderId":null,"usages":["134608492"]},{"id":"user-image-R.jpg","publicUrl":"np://user.desktop.nicepage.com/Site_232294159/images/R.jpg","size":223220,"hash":"HwSvNrIKhUQkahgM29IwFQ9Q5JU=","fileName":"R.jpg","name":"R","width":1600,"height":1200,"thumbnail":{"url":"np://user.desktop.nicepage.com/Site_232294159/images/thumbnails/R.jpg","width":250,"height":188},"folderId":null,"usages":["134608492"]},{"id":"user-image-playstation-2-console.webp","publicUrl":"np://user.desktop.nicepage.com/Site_232294159/images/playstation-2-console.webp","size":203526,"hash":"DlIhIv+MqqZba0M7UPzR5EB/EdU=","fileName":"playstation-2-console.webp","name":"playstation-2-console","width":1400,"height":700,"thumbnail":{"url":"np://user.desktop.nicepage.com/Site_232294159/images/playstation-2-console.webp","width":250,"height":125},"folderId":null,"usages":["134608492"]},{"id":"user-image-2810387.png","publicUrl":"np://user.desktop.nicepage.com/Site_232294159/images/2810387.png","size":1873,"hash":"WPiSNCIbjVEB1TPP//UO3hIikKw=","fileName":"2810387.png","name":"2810387","width":128,"height":128,"thumbnail":{"url":"np://user.desktop.nicepage.com/Site_232294159/images/thumbnails/2810387.png","width":128,"height":128,"length":1873,"type":"png"},"folderId":null,"usages":["134608492"]},{"id":"user-image-imageedit_4_5092171981.png","publicUrl":"np://user.desktop.nicepage.com/Site_232294159/images/imageedit_4_5092171981.png","size":49383,"hash":"vxcRrKeU4034qaSzYB8eKUECPCU=","fileName":"imageedit_4_5092171981.png","name":"imageedit_4_5092171981","width":657,"height":340,"thumbnail":{"url":"np://user.desktop.nicepage.com/Site_232294159/images/thumbnails/imageedit_4_5092171981.png","width":250,"height":129},"folderId":null,"usages":["134608492"]},{"id":"user-image-FKHCABEKKb3PsdW.jpg","publicUrl":"np://user.desktop.nicepage.com/Site_232294159/images/FKHCABEKKb3PsdW.jpg","size":476849,"hash":"qP/xsquYfCKNv/KvcJR3qkawbJw=","fileName":"FKHCABEKKb3PsdW.jpg","name":"FKHCABEKKb3PsdW","width":3840,"height":2160,"thumbnail":{"url":"np://user.desktop.nicepage.com/Site_232294159/images/thumbnails/FKHCABEKKb3PsdW.jpg","width":250,"height":141},"folderId":null,"usages":["134608492"]},{"id":"user-image-ps2cvlogoofficial.png","publicUrl":"np://user.desktop.nicepage.com/Site_232294159/images/ps2cvlogoofficial.png","size":15601,"hash":"bSuorq5MvvLFMW4MAvuFEmzG4Yg=","fileName":"ps2cvlogoofficial.png","name":"ps2cvlogoofficial","width":250,"height":29,"thumbnail":{"url":"np://user.desktop.nicepage.com/Site_232294159/images/thumbnails/ps2cvlogoofficial.png","width":250,"height":29,"length":15601,"type":"png"},"folderId":null,"usages":[]}]