[{"id":"user-image-ps2cvlogoofficial.png","publicUrl":"np://user.desktop.nicepage.com/Site_52978247/images/ps2cvlogoofficial.png","size":15601,"fileName":"ps2cvlogoofficial.png","name":"ps2cvlogoofficial","width":250,"height":29,"thumbnail":{"url":"np://user.desktop.nicepage.com/Site_52978247/images/thumbnails/ps2cvlogoofficial.png","width":250,"height":29,"length":15601,"type":"png"}},{"id":"user-image-jcs_3.png","publicUrl":"np://user.desktop.nicepage.com/Site_52978247/images/jcs_3.png","size":40486,"fileName":"jcs_3.png","name":"jcs_3","width":177,"height":164,"thumbnail":{"url":"np://user.desktop.nicepage.com/Site_52978247/images/thumbnails/jcs_3.png","width":177,"height":164,"length":40486,"type":"png"}},{"id":"user-image-PIC1.PNG","publicUrl":"np://user.desktop.nicepage.com/Site_52978247/images/PIC1.PNG","size":11061,"fileName":"PIC1.PNG","name":"PIC1","width":1920,"height":1080,"thumbnail":{"url":"np://user.desktop.nicepage.com/Site_52978247/images/thumbnails/PIC1.PNG","width":250,"height":141}},{"id":"user-image-2810387.png","publicUrl":"np://user.desktop.nicepage.com/Site_52978247/images/2810387.png","size":1873,"fileName":"2810387.png","name":"2810387","width":128,"height":128,"thumbnail":{"url":"np://user.desktop.nicepage.com/Site_52978247/images/thumbnails/2810387.png","width":128,"height":128,"length":1873,"type":"png"}},{"id":"user-image-spiderman1ps1.png","publicUrl":"np://user.desktop.nicepage.com/Site_52978247/images/spiderman1ps1.png","size":53950,"fileName":"spiderman1ps1.png","name":"spiderman1ps1","width":183,"height":163,"thumbnail":{"url":"np://user.desktop.nicepage.com/Site_52978247/images/thumbnails/spiderman1ps1.png","width":183,"height":163,"length":53950,"type":"png"}},{"id":"user-image-2827410.png","publicUrl":"np://user.desktop.nicepage.com/Site_52978247/images/2827410.png","size":12222,"fileName":"2827410.png","name":"2827410","width":128,"height":128,"thumbnail":{"url":"np://user.desktop.nicepage.com/Site_52978247/images/thumbnails/2827410.png","width":128,"height":128,"length":12222,"type":"png"}}]