[{"id":"user-image-9709605.png","publicUrl":"np://user.desktop.nicepage.com/Site_232294159/images/9709605.png","size":5771,"hash":"NBIRsux2WQl0couyZC23XCCyW7o=","fileName":"9709605.png","name":"9709605","width":128,"height":128,"thumbnail":{"url":"np://user.desktop.nicepage.com/Site_232294159/images/thumbnails/9709605.png","width":128,"height":128,"length":5771,"type":"png"},"folderId":null,"usages":["134608492"]},{"id":"user-image-3388701.png","publicUrl":"np://user.desktop.nicepage.com/Site_232294159/images/3388701.png","size":2068,"hash":"8k/SCQEvle3HX8IpXbP+NGF8cB4=","fileName":"3388701.png","name":"3388701","width":128,"height":128,"thumbnail":{"url":"np://user.desktop.nicepage.com/Site_232294159/images/thumbnails/3388701.png","width":128,"height":128,"length":2068,"type":"png"},"folderId":null,"usages":["134608492"]},{"id":"user-image-360_F_277990656_yaQ85EN20Wx3WUH2pJD57yHJOe5kluOa.jpg","publicUrl":"np://user.desktop.nicepage.com/Site_232294159/images/360_F_277990656_yaQ85EN20Wx3WUH2pJD57yHJOe5kluOa.jpg","size":60348,"hash":"OPLSq+efuxDgAl9Y5tkhGjNlrTc=","fileName":"360_F_277990656_yaQ85EN20Wx3WUH2pJD57yHJOe5kluOa.jpg","name":"360_F_277990656_yaQ85EN20Wx3WUH2pJD57yHJOe5kluOa","width":640,"height":360,"thumbnail":{"url":"np://user.desktop.nicepage.com/Site_232294159/images/thumbnails/360_F_277990656_yaQ85EN20Wx3WUH2pJD57yHJOe5kluOa.jpg","width":250,"height":141},"folderId":null,"usages":[]},{"id":"user-image-R.jpg","publicUrl":"np://user.desktop.nicepage.com/Site_232294159/images/R.jpg","size":223220,"hash":"HwSvNrIKhUQkahgM29IwFQ9Q5JU=","fileName":"R.jpg","name":"R","width":1600,"height":1200,"thumbnail":{"url":"np://user.desktop.nicepage.com/Site_232294159/images/thumbnails/R.jpg","width":250,"height":188},"folderId":null,"usages":["134608492"]},{"id":"user-image-playstation-2-console.webp","publicUrl":"np://user.desktop.nicepage.com/Site_232294159/images/playstation-2-console.webp","size":203526,"hash":"DlIhIv+MqqZba0M7UPzR5EB/EdU=","fileName":"playstation-2-console.webp","name":"playstation-2-console","width":1400,"height":700,"thumbnail":{"url":"np://user.desktop.nicepage.com/Site_232294159/images/playstation-2-console.webp","width":250,"height":125},"folderId":null,"usages":["134608492"]},{"id":"user-image-data-encryption-software.png","publicUrl":"np://user.desktop.nicepage.com/Site_232294159/images/data-encryption-software.png","size":409177,"hash":"TCzFKfzqDAQKGTQSsu6J9Wl45aI=","fileName":"data-encryption-software.png","name":"data-encryption-software","width":900,"height":600,"thumbnail":{"url":"np://user.desktop.nicepage.com/Site_232294159/images/thumbnails/data-encryption-software.png","width":250,"height":167},"folderId":null,"usages":["134608492"]},{"id":"user-image-2810387.png","publicUrl":"np://user.desktop.nicepage.com/Site_232294159/images/2810387.png","size":1873,"hash":"WPiSNCIbjVEB1TPP//UO3hIikKw=","fileName":"2810387.png","name":"2810387","width":128,"height":128,"thumbnail":{"url":"np://user.desktop.nicepage.com/Site_232294159/images/thumbnails/2810387.png","width":128,"height":128,"length":1873,"type":"png"},"folderId":null,"usages":["134608492"]},{"id":"user-image-imageedit_4_5092171981.png","publicUrl":"np://user.desktop.nicepage.com/Site_232294159/images/imageedit_4_5092171981.png","size":49383,"hash":"vxcRrKeU4034qaSzYB8eKUECPCU=","fileName":"imageedit_4_5092171981.png","name":"imageedit_4_5092171981","width":657,"height":340,"thumbnail":{"url":"np://user.desktop.nicepage.com/Site_232294159/images/thumbnails/imageedit_4_5092171981.png","width":250,"height":129},"folderId":null,"usages":["134608492"]},{"id":"user-image-FKHCABEKKb3PsdW.jpg","publicUrl":"np://user.desktop.nicepage.com/Site_232294159/images/FKHCABEKKb3PsdW.jpg","size":476849,"hash":"qP/xsquYfCKNv/KvcJR3qkawbJw=","fileName":"FKHCABEKKb3PsdW.jpg","name":"FKHCABEKKb3PsdW","width":3840,"height":2160,"thumbnail":{"url":"np://user.desktop.nicepage.com/Site_232294159/images/thumbnails/FKHCABEKKb3PsdW.jpg","width":250,"height":141},"folderId":null,"usages":["134608492"]},{"id":"user-image-ps2cvlogoofficial.png","publicUrl":"np://user.desktop.nicepage.com/Site_232294159/images/ps2cvlogoofficial.png","size":15601,"hash":"bSuorq5MvvLFMW4MAvuFEmzG4Yg=","fileName":"ps2cvlogoofficial.png","name":"ps2cvlogoofficial","width":250,"height":29,"thumbnail":{"url":"np://user.desktop.nicepage.com/Site_232294159/images/thumbnails/ps2cvlogoofficial.png","width":250,"height":29,"length":15601,"type":"png"},"folderId":null,"usages":[]}]