[{"id":"user-image-1040263.png","publicUrl":"np://user.desktop.nicepage.com/Site_282016134/images/1040263.png","size":7380,"hash":"7YvRxPhwBA5/6QFva+xxg+d+ZoI=","fileName":"1040263.png","name":"1040263","width":128,"height":128,"thumbnail":{"url":"np://user.desktop.nicepage.com/Site_282016134/images/thumbnails/1040263.png","width":128,"height":128,"length":7380,"type":"png"},"folderId":null,"usages":["93612641"]},{"id":"user-image-patreonsub2.png","publicUrl":"np://user.desktop.nicepage.com/Site_282016134/images/patreonsub2.png","size":73632,"hash":"mz8vhJiWOlkJtFNZ0o8RvZPR5kw=","fileName":"patreonsub2.png","name":"patreonsub2","width":425,"height":200,"thumbnail":{"url":"np://user.desktop.nicepage.com/Site_282016134/images/thumbnails/patreonsub2.png","width":250,"height":118},"folderId":null,"usages":["93612641"]},{"id":"user-image-Installation-Instructions-Button.png","publicUrl":"np://user.desktop.nicepage.com/Site_282016134/images/Installation-Instructions-Button.png","size":35250,"hash":"0m1KIRvcbOZK1lp1+8znnu9gd3A=","fileName":"Installation-Instructions-Button.png","name":"Installation-Instructions-Button","width":300,"height":200,"thumbnail":{"url":"np://user.desktop.nicepage.com/Site_282016134/images/thumbnails/Installation-Instructions-Button.png","width":250,"height":167},"folderId":null,"usages":["93612641"]},{"id":"user-image-hqdefault.jpg","publicUrl":"np://user.desktop.nicepage.com/Site_282016134/images/hqdefault.jpg","size":8566,"hash":"dmI3U+VGK1dbuDTzLTy56fVPFxY=","fileName":"hqdefault.jpg","name":"hqdefault","width":480,"height":360,"thumbnail":{"url":"np://user.desktop.nicepage.com/Site_282016134/images/thumbnails/hqdefault.jpg","width":250,"height":188},"folderId":null,"usages":["93612641"]},{"id":"user-image-2794872.png","publicUrl":"np://user.desktop.nicepage.com/Site_282016134/images/2794872.png","size":1237,"hash":"zstF2IXTCLtfbjTEQQL9l1oPN3Q=","fileName":"2794872.png","name":"2794872","width":128,"height":128,"thumbnail":{"url":"np://user.desktop.nicepage.com/Site_282016134/images/thumbnails/2794872.png","width":128,"height":128,"length":1237,"type":"png"},"folderId":null,"usages":["93612641"]},{"id":"user-image-FKHCABEKKb3PsdW.jpg","publicUrl":"np://user.desktop.nicepage.com/Site_282016134/images/FKHCABEKKb3PsdW.jpg","size":164930,"hash":"+GD6MVrngxJaz31vZcwBQl6IReE=","fileName":"FKHCABEKKb3PsdW.jpg","name":"FKHCABEKKb3PsdW","width":1920,"height":1080,"thumbnail":{"url":"np://user.desktop.nicepage.com/Site_282016134/images/thumbnails/FKHCABEKKb3PsdW.jpg","width":250,"height":141},"folderId":null,"usages":["93612641"]},{"id":"user-image-ps2cvlogoofficial.png","publicUrl":"np://user.desktop.nicepage.com/Site_282016134/images/ps2cvlogoofficial.png","size":15601,"hash":"bSuorq5MvvLFMW4MAvuFEmzG4Yg=","fileName":"ps2cvlogoofficial.png","name":"ps2cvlogoofficial","width":250,"height":29,"thumbnail":{"url":"np://user.desktop.nicepage.com/Site_282016134/images/thumbnails/ps2cvlogoofficial.png","width":250,"height":29,"length":15601,"type":"png"},"folderId":null,"usages":["93612641","3024511857"]},{"id":"user-image-one_10469158.png","publicUrl":"np://user.desktop.nicepage.com/Site_282016134/images/one_10469158.png","size":15748,"hash":"yeNoRY5yzyw7Oo/WX/WlFyOjmhM=","fileName":"one_10469158.png","name":"one_10469158","width":512,"height":512,"thumbnail":{"url":"np://user.desktop.nicepage.com/Site_282016134/images/thumbnails/one_10469158.png","width":250,"height":250},"folderId":null,"usages":["914730674"]},{"id":"user-image-two_10469257.png","publicUrl":"np://user.desktop.nicepage.com/Site_282016134/images/two_10469257.png","size":22349,"hash":"Jnm1Esfj3fpCzlbKVh33zbctxwI=","fileName":"two_10469257.png","name":"two_10469257","width":512,"height":512,"thumbnail":{"url":"np://user.desktop.nicepage.com/Site_282016134/images/thumbnails/two_10469257.png","width":250,"height":250},"folderId":null,"usages":["47201969"]},{"id":"user-image-two_10469380.png","publicUrl":"np://user.desktop.nicepage.com/Site_282016134/images/two_10469380.png","size":18267,"hash":"zinKtfBxoVoDf4EyVOt7W1FoAgc=","fileName":"two_10469380.png","name":"two_10469380","width":512,"height":512,"thumbnail":{"url":"np://user.desktop.nicepage.com/Site_282016134/images/thumbnails/two_10469380.png","width":250,"height":250},"folderId":null,"usages":["914730674"]},{"id":"user-image-one_10469300.png","publicUrl":"np://user.desktop.nicepage.com/Site_282016134/images/one_10469300.png","size":14804,"hash":"Ysu05kUuQSn3AcYDHYYODZ7pfSk=","fileName":"one_10469300.png","name":"one_10469300","width":512,"height":512,"thumbnail":{"url":"np://user.desktop.nicepage.com/Site_282016134/images/thumbnails/one_10469300.png","width":250,"height":250},"folderId":null,"usages":["47201969"]},{"id":"user-image-3d-home-icon-free-png.png","publicUrl":"np://user.desktop.nicepage.com/Site_282016134/images/3d-home-icon-free-png.png","size":780437,"hash":"Wn2hC322YHXAhPjocwlFc86VCw8=","fileName":"3d-home-icon-free-png.png","name":"3d-home-icon-free-png","width":1920,"height":1920,"thumbnail":{"url":"np://user.desktop.nicepage.com/Site_282016134/images/thumbnails/3d-home-icon-free-png.png","width":250,"height":250},"folderId":null,"usages":["47201969","914730674","93612641","3024511857"]},{"id":"user-image-server.png","publicUrl":"np://user.desktop.nicepage.com/Site_282016134/images/server.png","size":14961,"hash":"9PEspfeLlTmblD0m7qVZLZ29vuQ=","fileName":"server.png","name":"server","width":512,"height":512,"thumbnail":{"url":"np://user.desktop.nicepage.com/Site_282016134/images/thumbnails/server.png","width":250,"height":250},"folderId":null,"usages":["118303269","93612641"]},{"id":"user-image-discord-icon-28.jpg","publicUrl":"np://user.desktop.nicepage.com/Site_282016134/images/discord-icon-28.jpg","size":74996,"hash":"U61NKIPW244niR2thECS1apke+M=","fileName":"discord-icon-28.jpg","name":"discord-icon-28","width":894,"height":894,"thumbnail":{"url":"np://user.desktop.nicepage.com/Site_282016134/images/thumbnails/discord-icon-28.jpg","width":250,"height":250},"folderId":null,"usages":["118303269"]},{"id":"user-image-imageedit_4_50921719811.png","publicUrl":"np://user.desktop.nicepage.com/Site_282016134/images/imageedit_4_50921719811.png","size":55157,"hash":"+AAOI08tfNogTlJc7ayOH6hA0dU=","fileName":"imageedit_4_50921719811.png","name":"imageedit_4_50921719811","width":664,"height":344,"thumbnail":{"url":"np://user.desktop.nicepage.com/Site_282016134/images/thumbnails/imageedit_4_50921719811.png","width":250,"height":130},"folderId":null,"usages":["118303269","47201969","914730674","93612641","32102441"]},{"id":"user-image-169782.png","publicUrl":"np://user.desktop.nicepage.com/Site_282016134/images/169782.png","size":1720,"hash":"tXC4ZaRIJTxW6U8iQ5Isq3ASvpk=","fileName":"169782.png","name":"169782","width":128,"height":128,"thumbnail":{"url":"np://user.desktop.nicepage.com/Site_282016134/images/thumbnails/169782.png","width":128,"height":128,"length":1720,"type":"png"},"folderId":null,"usages":["118303269"]},{"id":"user-image-dee5c209431146059a9eb21e0e8b4ad3.jpeg","publicUrl":"np://user.desktop.nicepage.com/Site_282016134/images/dee5c209431146059a9eb21e0e8b4ad3.jpeg","size":259173,"hash":"DX1aOdw4jhWa3glr7w/nKjK3DJU=","fileName":"dee5c209431146059a9eb21e0e8b4ad3.jpeg","name":"dee5c209431146059a9eb21e0e8b4ad3","width":1920,"height":1080,"thumbnail":{"url":"np://user.desktop.nicepage.com/Site_282016134/images/thumbnails/dee5c209431146059a9eb21e0e8b4ad3.jpeg","width":250,"height":141},"folderId":null,"usages":["118303269"]},{"id":"user-image-60566d42-0e01-41ef-99e5-240f5edc2e39.png","publicUrl":"np://user.desktop.nicepage.com/Site_282016134/images/60566d42-0e01-41ef-99e5-240f5edc2e39.png","size":1332478,"hash":"TabrblaEYYjU9Go9X3OdndBDohs=","fileName":"60566d42-0e01-41ef-99e5-240f5edc2e39.png","name":"60566d42-0e01-41ef-99e5-240f5edc2e39","width":1920,"height":1080,"thumbnail":{"url":"np://user.desktop.nicepage.com/Site_282016134/images/thumbnails/60566d42-0e01-41ef-99e5-240f5edc2e39.png","width":250,"height":141},"folderId":null,"usages":["118303269","47201969","914730674","3024511857","32102441"]},{"id":"user-image-3d-minimal-faq-sign-answers-to-frequently-asked-questions-message-icon-with-a-faq-text-3d-illustration-free-png.png","publicUrl":"np://user.desktop.nicepage.com/Site_282016134/images/3d-minimal-faq-sign-answers-to-frequently-asked-questions-message-icon-with-a-faq-text-3d-illustration-free-png.png","size":533256,"hash":"au+FzE9yTc7CRdpiZ3oWRlLg+7w=","fileName":"3d-minimal-faq-sign-answers-to-frequently-asked-questions-message-icon-with-a-faq-text-3d-illustration-free-png.png","name":"3d-minimal-faq-sign-answers-to-frequently-asked-questions-message-icon-with-a-faq-text-3d-illustration-free-png","width":1307,"height":980,"thumbnail":{"url":"np://user.desktop.nicepage.com/Site_282016134/images/thumbnails/3d-minimal-faq-sign-answers-to-frequently-asked-questions-message-icon-with-a-faq-text-3d-illustration-free-png.png","width":250,"height":187},"folderId":null,"usages":["118303269"]},{"id":"user-image-square-database-digital-storage-line-logo-design-vector-27640484.jpg","publicUrl":"np://user.desktop.nicepage.com/Site_282016134/images/square-database-digital-storage-line-logo-design-vector-27640484.jpg","size":84021,"hash":"KRt+vvlHpagnRRfIs4VoDf5cfEs=","fileName":"square-database-digital-storage-line-logo-design-vector-27640484.jpg","name":"square-database-digital-storage-line-logo-design-vector-27640484","width":1000,"height":993,"thumbnail":{"url":"np://user.desktop.nicepage.com/Site_282016134/images/thumbnails/square-database-digital-storage-line-logo-design-vector-27640484.jpg","width":250,"height":248},"folderId":null,"usages":["118303269"]},{"id":"user-image-isla_500x500.46108341_7j2nb9nv.jpg","publicUrl":"np://user.desktop.nicepage.com/Site_282016134/images/isla_500x500.46108341_7j2nb9nv.jpg","size":12104,"hash":"K5uRjOl8c2fPMyVok+102+8iJ1s=","fileName":"isla_500x500.46108341_7j2nb9nv.jpg","name":"isla_500x500.46108341_7j2nb9nv","width":500,"height":500,"thumbnail":{"url":"np://user.desktop.nicepage.com/Site_282016134/images/thumbnails/isla_500x500.46108341_7j2nb9nv.jpg","width":250,"height":250},"folderId":null,"usages":["118303269"]}]