[{"id":1068000384,"title":"Blog Template","order":1,"templateKey":"blog","customTemplate":false,"customTemplateFilename":null,"pageLinks":[],"dateCreated":"2025-07-01T02:26:49.663Z","dateUpdated":"2025-07-01T02:26:51.050Z","folderId":null,"pageName":"Blog Template","serverPageId":null,"sectionCount":1,"status":2,"backwardUrl":null},{"id":2119128687,"title":"Post Template","order":2,"templateKey":"post","customTemplate":false,"customTemplateFilename":null,"pageLinks":[],"dateCreated":"2025-07-01T02:26:49.823Z","dateUpdated":"2025-07-01T02:26:51.050Z","folderId":null,"pageName":"Post Template","serverPageId":null,"sectionCount":1,"status":2,"backwardUrl":null},{"id":72184216,"title":"Product List Template","order":3,"templateKey":"products","customTemplate":false,"customTemplateFilename":null,"pageLinks":[],"dateCreated":"2025-07-01T02:26:49.959Z","dateUpdated":"2025-07-01T02:26:51.051Z","folderId":null,"pageName":"Product List Template","serverPageId":null,"sectionCount":1,"status":2,"backwardUrl":null},{"id":105521155,"title":"Product Details Template","order":4,"templateKey":"product","customTemplate":false,"customTemplateFilename":null,"pageLinks":[],"dateCreated":"2025-07-01T02:26:50.082Z","dateUpdated":"2025-07-01T02:26:51.051Z","folderId":null,"pageName":"Product Details Template","serverPageId":null,"sectionCount":1,"status":2,"backwardUrl":null},{"id":661017426,"title":"Shopping Cart Template","order":5,"templateKey":"cart","customTemplate":false,"customTemplateFilename":null,"pageLinks":[],"dateCreated":"2025-07-01T02:26:50.189Z","dateUpdated":"2025-07-01T02:26:51.051Z","folderId":null,"pageName":"Shopping Cart Template","serverPageId":null,"sectionCount":1,"status":2,"backwardUrl":null},{"id":2960703926,"title":"Checkout Template","order":6,"templateKey":"checkout","customTemplate":false,"customTemplateFilename":null,"pageLinks":[],"dateCreated":"2025-07-01T02:26:50.340Z","dateUpdated":"2025-07-01T02:26:51.051Z","folderId":null,"pageName":"Checkout Template","serverPageId":null,"sectionCount":1,"status":2,"backwardUrl":null},{"id":724713609,"title":"Login Template","order":7,"templateKey":"login","customTemplate":false,"customTemplateFilename":null,"pageLinks":[],"dateCreated":"2025-07-01T02:26:50.445Z","dateUpdated":"2025-07-01T02:26:51.051Z","folderId":null,"pageName":"Login Template","serverPageId":null,"sectionCount":1,"status":2,"backwardUrl":null},{"id":347911385,"title":"Search Page Template","order":8,"templateKey":"Search","customTemplate":false,"customTemplateFilename":null,"pageLinks":[],"dateCreated":"2025-07-01T02:26:50.509Z","dateUpdated":"2025-07-01T02:26:51.051Z","folderId":null,"pageName":"Search Page Template","serverPageId":null,"sectionCount":1,"status":2,"backwardUrl":null},{"id":47447251,"title":"Page Password Template","order":9,"templateKey":"password","customTemplate":false,"customTemplateFilename":null,"pageLinks":[],"dateCreated":"2025-07-01T02:26:50.590Z","dateUpdated":"2025-07-01T02:26:51.051Z","folderId":null,"pageName":"Page Password Template","serverPageId":null,"sectionCount":1,"status":2,"backwardUrl":null},{"id":70278090,"title":"404 Not Found Template","order":10,"templateKey":"404","customTemplate":false,"customTemplateFilename":null,"pageLinks":[],"dateCreated":"2025-07-01T02:26:50.653Z","dateUpdated":"2025-07-01T02:26:51.051Z","folderId":null,"pageName":"404 Not Found Template","serverPageId":null,"sectionCount":1,"status":2,"backwardUrl":null},{"id":188619055,"title":"Thank You Page Template","order":11,"templateKey":"ThankYou","customTemplate":false,"customTemplateFilename":null,"pageLinks":[],"dateCreated":"2025-07-01T02:26:50.707Z","dateUpdated":"2025-07-01T02:26:51.052Z","folderId":null,"pageName":"Thank You Page Template","serverPageId":null,"sectionCount":1,"status":2,"backwardUrl":null},{"id":118303269,"title":"Home","order":50,"templateKey":null,"customTemplate":false,"customTemplateFilename":null,"pageLinks":["93612641","118303269","47201969"],"dateCreated":"2025-07-01T02:26:51.493Z","dateUpdated":"2025-07-03T20:01:09.138Z","folderId":null,"pageName":"Home_118303269","serverPageId":null,"sectionCount":1,"status":2,"backwardUrl":null},{"id":47201969,"title":"database","order":102,"templateKey":null,"customTemplate":false,"customTemplateFilename":null,"pageLinks":["118303269","914730674"],"dateCreated":"2025-07-01T18:40:18.121Z","dateUpdated":"2025-07-02T21:32:36.058Z","folderId":null,"pageName":"database_47201969","serverPageId":null,"sectionCount":1,"status":2,"backwardUrl":null},{"id":914730674,"title":"database2","order":103,"templateKey":null,"customTemplate":false,"customTemplateFilename":null,"pageLinks":["118303269","47201969"],"dateCreated":"2025-07-02T00:29:43.847Z","dateUpdated":"2025-07-02T21:24:18.074Z","folderId":null,"pageName":"database2_914730674","serverPageId":null,"sectionCount":1,"status":2,"backwardUrl":null},{"id":93612641,"title":"downloads","order":104,"templateKey":null,"customTemplate":false,"customTemplateFilename":null,"pageLinks":["118303269","3024511857"],"dateCreated":"2025-07-02T16:48:37.686Z","dateUpdated":"2025-07-03T20:01:57.428Z","folderId":null,"pageName":"downloads_93612641","serverPageId":null,"sectionCount":1,"status":2,"backwardUrl":null},{"id":3024511857,"title":"install","order":105,"templateKey":null,"customTemplate":false,"customTemplateFilename":null,"pageLinks":["118303269"],"dateCreated":"2025-07-02T17:54:15.335Z","dateUpdated":"2025-07-03T01:27:14.977Z","folderId":null,"pageName":"install_3024511857","serverPageId":null,"sectionCount":1,"status":2,"backwardUrl":null},{"id":32102441,"title":"launchpage","order":106,"templateKey":null,"customTemplate":false,"customTemplateFilename":null,"pageLinks":[],"dateCreated":"2025-07-02T18:19:15.287Z","dateUpdated":"2025-07-02T18:52:36.624Z","folderId":null,"pageName":"launchpage_32102441","serverPageId":null,"sectionCount":1,"status":2,"backwardUrl":null}]