[{"id":61102982,"status":2,"title":"Blog Template","order":1,"templateKey":"blog","customTemplate":false,"customTemplateFilename":null,"pageLinks":[],"dateCreated":"2023-08-31T19:34:53.195Z","dateUpdated":"2023-08-31T19:34:54.480Z","folderId":null,"pageName":"Blog Template"},{"id":38447041,"status":2,"title":"Post Template","order":2,"templateKey":"post","customTemplate":false,"customTemplateFilename":null,"pageLinks":[],"dateCreated":"2023-08-31T19:34:53.325Z","dateUpdated":"2023-08-31T19:34:54.492Z","folderId":null,"pageName":"Post Template"},{"id":79610915,"status":2,"title":"Product List Template","order":3,"templateKey":"products","customTemplate":false,"customTemplateFilename":null,"pageLinks":[],"dateCreated":"2023-08-31T19:34:53.455Z","dateUpdated":"2023-08-31T19:34:54.500Z","folderId":null,"pageName":"Product List Template"},{"id":29165542,"status":2,"title":"Product Details Template","order":4,"templateKey":"product","customTemplate":false,"customTemplateFilename":null,"pageLinks":[],"dateCreated":"2023-08-31T19:34:53.593Z","dateUpdated":"2023-08-31T19:34:54.510Z","folderId":null,"pageName":"Product Details Template"},{"id":403208604,"status":2,"title":"Shopping Cart Template","order":5,"templateKey":"cart","customTemplate":false,"customTemplateFilename":null,"pageLinks":[],"dateCreated":"2023-08-31T19:34:53.724Z","dateUpdated":"2023-08-31T19:34:54.519Z","folderId":null,"pageName":"Shopping Cart Template"},{"id":56293271,"status":2,"title":"Checkout Template","order":6,"templateKey":"checkout","customTemplate":false,"customTemplateFilename":null,"pageLinks":[],"dateCreated":"2023-08-31T19:34:53.886Z","dateUpdated":"2023-08-31T19:34:54.530Z","folderId":null,"pageName":"Checkout Template"},{"id":251514019,"status":2,"title":"Login Template","order":7,"templateKey":"login","customTemplate":false,"customTemplateFilename":null,"pageLinks":[],"dateCreated":"2023-08-31T19:34:53.985Z","dateUpdated":"2023-08-31T19:34:54.538Z","folderId":null,"pageName":"Login Template"},{"id":73055630,"status":2,"title":"Page Password Template","order":8,"templateKey":"password","customTemplate":false,"customTemplateFilename":null,"pageLinks":[],"dateCreated":"2023-08-31T19:34:54.061Z","dateUpdated":"2023-08-31T19:34:54.550Z","folderId":null,"pageName":"Page Password Template"},{"id":100167114,"status":2,"title":"404 Not Found Template","order":9,"templateKey":"404","customTemplate":false,"customTemplateFilename":null,"pageLinks":[],"dateCreated":"2023-08-31T19:34:54.130Z","dateUpdated":"2023-08-31T19:34:54.559Z","folderId":null,"pageName":"404 Not Found Template"},{"id":11303156,"status":2,"title":"Thank You Page Template","order":10,"templateKey":"ThankYou","customTemplate":false,"customTemplateFilename":null,"pageLinks":[],"dateCreated":"2023-08-31T19:34:54.211Z","dateUpdated":"2023-08-31T19:34:54.567Z","folderId":null,"pageName":"Thank You Page Template"},{"id":897115499,"status":2,"title":"Home","order":50,"templateKey":null,"customTemplate":false,"customTemplateFilename":null,"pageLinks":[],"dateCreated":"2023-08-31T19:35:02.214Z","dateUpdated":"2023-08-31T19:35:53.221Z","folderId":null,"pageName":"Home_897115499"},{"id":2391722877,"status":2,"title":"PS2CV Database","order":51,"templateKey":null,"customTemplate":false,"customTemplateFilename":null,"pageLinks":[],"dateCreated":"2023-08-31T19:35:52.817Z","dateUpdated":"2023-08-31T19:36:20.128Z","folderId":null,"pageName":"PS2CV Database_2391722877"},{"id":134608492,"status":2,"title":"FAQ","order":52,"templateKey":null,"customTemplate":false,"customTemplateFilename":null,"pageLinks":[],"dateCreated":"2023-08-31T19:36:19.920Z","dateUpdated":"2023-08-31T21:23:39.927Z","folderId":null,"pageName":"FAQ_134608492"}]